{"user": ["Sample AI", "Sample AI"], "first": 0, "result": 2, "total": 50, "step": [{"tox": 6, "toy": 2, "posx": 5, "posy": 2}, {"tox": 10, "toy": 2, "posx": 11, "posy": 2}, {"tox": 5, "toy": 2, "posx": 6, "posy": 2}, {"tox": 10, "toy": 4, "posx": 11, "posy": 4}, {"tox": 6, "toy": 2, "posx": 5, "posy": 2}, {"tox": 11, "toy": 2, "posx": 11, "posy": 3}, {"tox": 5, "toy": 2, "posx": 5, "posy": 1}, {"tox": 11, "toy": 4, "posx": 10, "posy": 4}, {"tox": 6, "toy": 4, "posx": 5, "posy": 4}, {"tox": 10, "toy": 0, "posx": 11, "posy": 0}, {"tox": 5, "toy": 4, "posx": 4, "posy": 4}, {"tox": 11, "toy": 0, "posx": 12, "posy": 0}, {"tox": 5, "toy": 1, "posx": 5, "posy": 2}, {"tox": 12, "toy": 0, "posx": 13, "posy": 0}, {"tox": 5, "toy": 2, "posx": 6, "posy": 2}, {"tox": 11, "toy": 3, "posx": 11, "posy": 2}, {"tox": 6, "toy": 0, "posx": 5, "posy": 0}, {"tox": 13, "toy": 0, "posx": 14, "posy": 0}, {"tox": 5, "toy": 0, "posx": 4, "posy": 0}, {"tox": 11, "toy": 2, "posx": 10, "posy": 2}, {"tox": 4, "toy": 4, "posx": 3, "posy": 4}, {"tox": 14, "toy": 0, "posx": 15, "posy": 0}, {"tox": 3, "toy": 4, "posx": 4, "posy": 4}, {"tox": 15, "toy": 0, "posx": 15, "posy": 1}, {"tox": 6, "toy": 2, "posx": 5, "posy": 2}, {"tox": 10, "toy": 4, "posx": 11, "posy": 4}, {"tox": 5, "toy": 2, "posx": 5, "posy": 3}, {"tox": 10, "toy": 2, "posx": 11, "posy": 2}, {"tox": 4, "toy": 4, "posx": 5, "posy": 4}, {"tox": 15, "toy": 1, "posx": 15, "posy": 0}, {"tox": 5, "toy": 4, "posx": 4, "posy": 4}, {"tox": 11, "toy": 2, "posx": 11, "posy": 3}, {"tox": 5, "toy": 3, "posx": 5, "posy": 4}, {"tox": 15, "toy": 0, "posx": 15, "posy": 1}, {"tox": 4, "toy": 4, "posx": 3, "posy": 4}, {"tox": 11, "toy": 4, "posx": 12, "posy": 4}, {"tox": 4, "toy": 0, "posx": 5, "posy": 0}, {"tox": 11, "toy": 3, "posx": 11, "posy": 2}, {"tox": 5, "toy": 0, "posx": 4, "posy": 0}, {"tox": 12, "toy": 4, "posx": 11, "posy": 4}, {"tox": 5, "toy": 4, "posx": 4, "posy": 4}, {"tox": 15, "toy": 1, "posx": 15, "posy": 0}, {"tox": 4, "toy": 0, "posx": 5, "posy": 0}, {"tox": 11, "toy": 4, "posx": 10, "posy": 4}, {"tox": 5, "toy": 0, "posx": 5, "posy": 1}, {"tox": 11, "toy": 2, "posx": 11, "posy": 3}, {"tox": 4, "toy": 4, "posx": 5, "posy": 4}, {"tox": 11, "toy": 3, "posx": 11, "posy": 4}, {"tox": 5, "toy": 4, "posx": 6, "posy": 4}, {"tox": 15, "toy": 0, "posx": 16, "posy": 0}], "err": ["steps exceeded", "steps exceeded"], "id": [0, 1], "init-board": [[{"color": 0, "kind": 10}, {"color": 0, "kind": 11}, {"color": 0, "kind": 10}, {"color": 0, "kind": 2}, {"color": 0, "kind": 2}], [{"color": 0, "kind": 9}, {"color": 0, "kind": 9}, {"color": 0, "kind": 9}, {"color": 0, "kind": 4}, {"color": 0, "kind": 4}], [{"color": 0, "kind": 5}, {"color": -1, "kind": -1}, {"color": 0, "kind": 5}, {"color": -1, "kind": -1}, {"color": 0, "kind": 6}], [{"color": 0, "kind": 6}, {"color": 0, "kind": 6}, {"color": -1, "kind": -1}, {"color": 0, "kind": 7}, {"color": 0, "kind": 7}], [{"color": 0, "kind": 7}, {"color": -1, "kind": -1}, {"color": 0, "kind": 8}, {"color": -1, "kind": -1}, {"color": 0, "kind": 8}], [{"color": 0, "kind": 8}, {"color": 0, "kind": 1}, {"color": 0, "kind": 0}, {"color": 0, "kind": 3}, {"color": 0, "kind": 3}], [{"color": -1, "kind": -1}, {"color": -1, "kind": -1}, {"color": -1, "kind": -1}, {"color": -1, "kind": -1}, {"color": -1, "kind": -1}], [{"color": -1, "kind": -1}, {"color": -1, "kind": -1}, {"color": -1, "kind": -1}, {"color": -1, "kind": -1}, {"color": -1, "kind": -1}], [{"color": -1, "kind": -1}, {"color": -1, "kind": -1}, {"color": -1, "kind": -1}, {"color": -1, "kind": -1}, {"color": -1, "kind": -1}], [{"color": -1, "kind": -1}, {"color": -1, "kind": -1}, {"color": -1, "kind": -1}, {"color": -1, "kind": -1}, {"color": -1, "kind": -1}], [{"color": -1, "kind": -1}, {"color": -1, "kind": -1}, {"color": -1, "kind": -1}, {"color": -1, "kind": -1}, {"color": -1, "kind": -1}], [{"color": 1, "kind": 3}, {"color": 1, "kind": 3}, {"color": 1, "kind": 0}, {"color": 1, "kind": 1}, {"color": 1, "kind": 8}], [{"color": 1, "kind": 8}, {"color": -1, "kind": -1}, {"color": 1, "kind": 8}, {"color": -1, "kind": -1}, {"color": 1, "kind": 7}], [{"color": 1, "kind": 7}, {"color": 1, "kind": 7}, {"color": -1, "kind": -1}, {"color": 1, "kind": 6}, {"color": 1, "kind": 6}], [{"color": 1, "kind": 6}, {"color": -1, "kind": -1}, {"color": 1, "kind": 5}, {"color": -1, "kind": -1}, {"color": 1, "kind": 5}], [{"color": 1, "kind": 4}, {"color": 1, "kind": 4}, {"color": 1, "kind": 9}, {"color": 1, "kind": 9}, {"color": 1, "kind": 9}], [{"color": 1, "kind": 2}, {"color": 1, "kind": 2}, {"color": 1, "kind": 10}, {"color": 1, "kind": 11}, {"color": 1, "kind": 10}]]}